INSERT INTO term_master (
    term_id,
    term_no,
    domain_name,
    usage_type,
    korean_name,
    english_name,
    english_abbreviation,
    business_definition,
    usage_context,
    physical_type,
    digits,
    decimal_point,
    status,
    owner,
    version
) VALUES
('T-000001', 'TERM-000001', '고객', '표준항목', '고객번호', 'Customer Number', 'CUST_NO', '회사에서 고객을 업무적으로 식별하기 위해 사용하는 번호', '주문, 계약, 청구, 상담 등에서 고객 식별 기준으로 사용', 'VARCHAR', 20, 0, 'Approved', '고객도메인 데이터스튜어드', '1.0'),
('T-000002', 'TERM-000002', '고객', '표준항목', '고객명', 'Customer Name', 'CUST_NM', '고객의 이름 또는 법인명을 나타내는 명칭', '고객 조회, 주문 조회, 상담 화면에서 고객 식별 보조 정보로 사용', 'VARCHAR', 100, 0, 'Approved', '고객도메인 데이터스튜어드', '1.0'),
('T-000003', 'TERM-000003', '고객', '표준항목', '고객상태코드', 'Customer Status Code', 'CUST_STS_CD', '고객의 업무 상태를 분류하는 코드', '정상, 휴면, 탈퇴 등 고객 상태 판단에 사용', 'VARCHAR', 10, 0, 'Approved', '고객도메인 데이터스튜어드', '1.0'),
('T-000004', 'TERM-000004', '주문', '표준항목', '주문번호', 'Order Number', 'ORD_NO', '주문을 업무적으로 식별하기 위해 사용하는 번호', '주문 조회, 결제, 배송, 상담에서 주문 식별 기준으로 사용', 'VARCHAR', 20, 0, 'Approved', '주문도메인 데이터스튜어드', '1.0'),
('T-000005', 'TERM-000005', '주문', '표준항목', '주문일자', 'Order Date', 'ORD_DT', '주문이 발생한 날짜', '주문 목록, 매출 집계, 주문 검색 조건에서 날짜 단위로 사용', 'DATE', 8, 0, 'Approved', '주문도메인 데이터스튜어드', '1.0'),
('T-000006', 'TERM-000006', '주문', '표준항목', '주문일시', 'Order Date Time', 'ORD_DTTM', '주문이 발생한 날짜와 시각', '주문 발생 순서, 상세 이력, 이벤트 추적에서 시분초 단위로 사용', 'TIMESTAMP', 14, 0, 'Approved', '주문도메인 데이터스튜어드', '1.0'),
('T-000007', 'TERM-000007', '주문', '표준항목', '주문금액', 'Order Amount', 'ORD_AMT', '주문에 대해 산정된 금액', '주문 목록, 결제 요청, 매출 집계에서 사용', 'NUMERIC', 15, 2, 'Approved', '주문도메인 데이터스튜어드', '1.0'),
('T-000008', 'TERM-000008', '주문', '표준항목', '주문상태코드', 'Order Status Code', 'ORD_STS_CD', '주문의 처리 상태를 분류하는 코드', '접수, 결제완료, 취소, 배송중 등 주문 상태 판단에 사용', 'VARCHAR', 10, 0, 'Approved', '주문도메인 데이터스튜어드', '1.0'),
('T-000009', 'TERM-000009', '결제', '표준항목', '결제금액', 'Payment Amount', 'PAY_AMT', '결제 요청 또는 승인된 금액', '결제 승인, 결제 취소, 정산에서 사용', 'NUMERIC', 15, 2, 'Approved', '결제도메인 데이터스튜어드', '1.0'),
('T-000010', 'TERM-000010', '결제', '표준항목', '결제일시', 'Payment Date Time', 'PAY_DTTM', '결제가 발생한 날짜와 시각', '결제 이력, 정산 기준, 취소 가능 기간 판단에 사용', 'TIMESTAMP', 14, 0, 'Approved', '결제도메인 데이터스튜어드', '1.0'),
('T-000011', 'TERM-000011', '상품', '표준항목', '상품번호', 'Product Number', 'PRD_NO', '상품을 업무적으로 식별하기 위해 사용하는 번호', '상품 조회, 주문 상품, 재고, 전시에서 상품 식별 기준으로 사용', 'VARCHAR', 20, 0, 'Approved', '상품도메인 데이터스튜어드', '1.0'),
('T-000012', 'TERM-000012', '상품', '표준항목', '상품명', 'Product Name', 'PRD_NM', '상품을 사용자에게 표시하는 명칭', '상품 목록, 상품 상세, 주문 내역에서 표시', 'VARCHAR', 200, 0, 'Approved', '상품도메인 데이터스튜어드', '1.0'),
('T-000013', 'TERM-000013', '상품', '표준항목', '상품대표이미지URL', 'Product Representative Image URL', 'PRD_REP_IMG_URL', '상품을 대표하는 이미지의 URL', '상품 목록과 상세 화면에서 대표 이미지 표시용으로 사용', 'VARCHAR', 500, 0, 'Approved', '상품도메인 데이터스튜어드', '1.0'),
('T-000014', 'TERM-000014', '청구', '표준항목', '청구번호', 'Billing Number', 'BILL_NO', '청구를 업무적으로 식별하기 위해 사용하는 번호', '청구서 조회, 청구 이력, 수납 처리에서 사용', 'VARCHAR', 20, 0, 'Approved', '청구도메인 데이터스튜어드', '1.0'),
('T-000015', 'TERM-000015', '청구', '표준항목', '청구금액', 'Billing Amount', 'BILL_AMT', '고객에게 청구된 금액', '청구서, 수납, 미납 관리에서 사용', 'NUMERIC', 15, 2, 'Approved', '청구도메인 데이터스튜어드', '1.0'),
('T-000016', 'TERM-000016', '상담', '표준항목', '상담번호', 'Consultation Number', 'CNSL_NO', '상담을 업무적으로 식별하기 위해 사용하는 번호', '상담 이력 조회, 고객 문의 추적에서 사용', 'VARCHAR', 20, 0, 'Approved', '상담도메인 데이터스튜어드', '1.0'),
('T-000017', 'TERM-000017', '상담', '표준항목', '상담일시', 'Consultation Date Time', 'CNSL_DTTM', '상담이 발생한 날짜와 시각', '상담 이력 정렬, 상담 SLA 분석에서 사용', 'TIMESTAMP', 14, 0, 'Approved', '상담도메인 데이터스튜어드', '1.0');

INSERT INTO term_expression (
    term_id,
    expression_type,
    expression_value,
    language,
    style,
    is_standard
) VALUES
('T-000001', 'Korean', '고객번호', 'ko', 'standard', TRUE),
('T-000001', 'English', 'Customer Number', 'en', 'title', TRUE),
('T-000001', 'DB_COLUMN', 'CUST_NO', 'en', 'UPPER_SNAKE', TRUE),
('T-000001', 'API_FIELD', 'customerNumber', 'en', 'camelCase', TRUE),
('T-000001', 'CODE_VARIABLE', 'customerNumber', 'en', 'camelCase', TRUE),
('T-000001', 'UI_LABEL', '고객번호', 'ko', 'label', TRUE),
('T-000001', 'TEST_WORD', '고객번호', 'ko', 'gherkin', TRUE),
('T-000004', 'Korean', '주문번호', 'ko', 'standard', TRUE),
('T-000004', 'English', 'Order Number', 'en', 'title', TRUE),
('T-000004', 'DB_COLUMN', 'ORD_NO', 'en', 'UPPER_SNAKE', TRUE),
('T-000004', 'API_FIELD', 'orderNumber', 'en', 'camelCase', TRUE),
('T-000004', 'CODE_VARIABLE', 'orderNumber', 'en', 'camelCase', TRUE),
('T-000004', 'UI_LABEL', '주문번호', 'ko', 'label', TRUE),
('T-000004', 'TEST_WORD', '주문번호', 'ko', 'gherkin', TRUE),
('T-000005', 'Korean', '주문일자', 'ko', 'standard', TRUE),
('T-000005', 'English', 'Order Date', 'en', 'title', TRUE),
('T-000005', 'DB_COLUMN', 'ORD_DT', 'en', 'UPPER_SNAKE', TRUE),
('T-000005', 'API_FIELD', 'orderDate', 'en', 'camelCase', TRUE),
('T-000005', 'CODE_VARIABLE', 'orderDate', 'en', 'camelCase', TRUE),
('T-000005', 'UI_LABEL', '주문일자', 'ko', 'label', TRUE),
('T-000005', 'TEST_WORD', '주문일자', 'ko', 'gherkin', TRUE),
('T-000007', 'Korean', '주문금액', 'ko', 'standard', TRUE),
('T-000007', 'English', 'Order Amount', 'en', 'title', TRUE),
('T-000007', 'DB_COLUMN', 'ORD_AMT', 'en', 'UPPER_SNAKE', TRUE),
('T-000007', 'API_FIELD', 'orderAmount', 'en', 'camelCase', TRUE),
('T-000007', 'CODE_VARIABLE', 'orderAmount', 'en', 'camelCase', TRUE),
('T-000007', 'UI_LABEL', '주문금액', 'ko', 'label', TRUE),
('T-000007', 'TEST_WORD', '주문금액', 'ko', 'gherkin', TRUE),
('T-000008', 'Korean', '주문상태코드', 'ko', 'standard', TRUE),
('T-000008', 'English', 'Order Status Code', 'en', 'title', TRUE),
('T-000008', 'DB_COLUMN', 'ORD_STS_CD', 'en', 'UPPER_SNAKE', TRUE),
('T-000008', 'API_FIELD', 'orderStatusCode', 'en', 'camelCase', TRUE),
('T-000008', 'CODE_VARIABLE', 'orderStatusCode', 'en', 'camelCase', TRUE),
('T-000008', 'UI_LABEL', '주문상태코드', 'ko', 'label', TRUE),
('T-000008', 'TEST_WORD', '주문상태코드', 'ko', 'gherkin', TRUE);

INSERT INTO term_alias (
    alias_id,
    term_id,
    alias_name,
    alias_type,
    recommendation_action,
    reason
) VALUES
('A-000001', 'T-000001', '고객ID', 'Synonym', '고객번호로 변환 권장', '업무 고객 식별 번호 의미로 사용되는 경우 표준 용어는 고객번호'),
('A-000002', 'T-000001', '고객 ID', 'Synonym', '고객번호로 변환 권장', '기획서에서 띄어쓴 표현으로 자주 사용됨'),
('A-000003', 'T-000001', '고객식별자', 'Synonym', '고객번호로 변환 권장', '업무 고객 식별 값 의미'),
('A-000004', 'T-000001', 'customerId', 'Synonym', 'customerNumber로 변환 권장', 'API 표준 필드명은 customerNumber'),
('A-000005', 'T-000001', 'customer id', 'Synonym', 'customerNumber로 변환 권장', '자연어 입력에서 자주 사용되는 비표준 표현'),
('A-000006', 'T-000001', 'CUST_ID', 'Forbidden', 'CUST_NO 사용', '기술 ID와 업무 고객번호가 혼동될 수 있음'),
('A-000007', 'T-000001', '회원번호', 'NeedsContext', '문맥 확인 필요', '고객과 회원 도메인 구분 필요'),
('A-000008', 'T-000001', '사용자 식별자', 'NeedsContext', '문맥 확인 필요', '기술 사용자 ID와 업무 고객번호 구분 필요'),
('A-000009', 'T-000005', '주문 날짜', 'Synonym', '주문일자로 변환 권장', '기획서 표현을 표준 용어로 정리'),
('A-000010', 'T-000005', 'order date', 'Synonym', 'orderDate로 변환 권장', 'API 표준 필드명은 orderDate'),
('A-000011', 'T-000007', '주문 액수', 'Synonym', '주문금액으로 변환 권장', '기획서 표현을 표준 용어로 정리'),
('A-000012', 'T-000008', '주문상태', 'Synonym', '주문상태코드로 변환 권장', '상태는 코드값으로 관리');

INSERT INTO term_relationship (
    source_term_id,
    relationship_type,
    target_term_id,
    description
) VALUES
('T-000001', 'relatedTo', 'T-000002', '고객번호는 고객명과 함께 고객 식별 정보로 사용'),
('T-000001', 'relatedTo', 'T-000003', '고객번호는 고객상태코드와 함께 고객 상태 판단에 사용'),
('T-000001', 'usedWith', 'T-000004', '고객번호는 주문번호와 함께 고객별 주문 조회에 사용'),
('T-000004', 'usedWith', 'T-000005', '주문번호는 주문일자와 함께 주문 목록에 표시'),
('T-000004', 'usedWith', 'T-000007', '주문번호는 주문금액과 함께 주문 목록에 표시'),
('T-000004', 'usedWith', 'T-000008', '주문번호는 주문상태코드와 함께 주문 진행 상태 확인에 사용'),
('T-000007', 'usedWith', 'T-000009', '주문금액은 결제금액과 함께 금액 정합성 확인에 사용'),
('T-000011', 'relatedTo', 'T-000012', '상품번호는 상품명과 함께 상품 식별 정보로 사용'),
('T-000011', 'relatedTo', 'T-000013', '상품번호는 상품대표이미지URL과 함께 상품 목록 구성에 사용');
